,clust,path
DTF_EC,0.761281485081294,1.6607142857142858
DTF_EO,0.7815749564903376,1.6631944444444444
