,clust,path
DTF_EC,0.761281485081294,1.6607142857142858
DTF_EO,0.7815749564903376,1.6631944444444444
PDC_EC,0.4835449744124432,1.7341269841269842
PDC_EO,0.5309420145081157,1.6755952380952381
