,clustering,clustering_random,path,path_random,sigma
EO,0.7815749564903376,0.20048043180630468,1.6631944444444444,1.8592708333333334,1.260703515550135
EC,0.761281485081294,0.20263526135665408,1.6607142857142858,1.8591517857142852,1.2168035750791881
