{"mc_U": {"0": [[0], [0, 56, 61, 552, 709, 1085, 1594, 2001, 2073, 2159, 2325, 2649, 2655, 2955, 3075, 3077, 3379, 3624, 4261, 4365, 4401, 4759, 4791, 4990, 5268, 5502, 5878, 6058, 6090, 6454, 6827, 6908, 7101, 7145, 7718, 7732], 0.024973255146739315], "64": [[629], [629, 711, 727, 921, 1054, 1290, 1650, 1673, 2006, 2012, 2016, 2063, 2180, 2184, 2197, 2218, 2352, 2725, 2731, 3163, 3287, 3604, 3698, 3803, 3824, 4029, 4428, 4433, 4724, 4934, 5066, 5149, 5209, 5642, 5935, 6020, 6023, 6043, 6068, 6731, 6983, 7025, 7152, 7204, 7619, 7848], 0.039290813963175464], "66": [[3424], [737, 902, 1615, 1906, 2382, 2771, 2968, 3240, 3424, 3427, 3642, 3885, 3976, 4016, 4312, 4432, 4573, 4907, 4991, 5075, 5283, 5633, 5696, 5954, 6160, 6433, 6740, 6898, 6962, 7400], 0.01769858361889498], "67": [[], [757, 1212, 1259, 1807, 2999, 5437, 6065], 0.04695953417251186], "37": [[5114], [95, 133, 569, 919, 940, 1210, 1269, 1513, 1557, 1574, 1720, 1734, 1794, 1813, 2022, 2070, 2076, 2078, 2284, 2356, 2422, 2547, 2583, 2665, 2689, 3274, 3589, 4034, 4207, 4209, 4745, 4788, 4813, 5114, 5528, 5791, 5815, 6373, 7261, 7434, 7589, 7854], 0.03325494712051036], "65": [[674], [674, 2003, 2044, 2062, 2402, 2477, 2539, 2639, 3172, 3248, 3359, 3725, 3763, 3862, 4150, 4155, 5276, 6157, 6234, 6614, 6688, 6709, 6723, 7003, 7034, 7428, 7784], 0.014468584309974553], "39": [[5790], [116, 448, 1719, 1873, 2909, 2990, 4200, 4246, 4423, 5097, 5790, 6109, 6320, 6725, 7675, 7793], 0.005189896003384931], "40": [[7344], [117, 172, 192, 855, 1373, 1517, 2156, 2166, 2778, 2877, 3292, 3328, 3406, 3525, 3548, 3566, 3850, 3924, 4355, 4563, 4580, 4688, 4776, 4821, 5143, 5317, 5645, 5899, 6021, 6142, 6364, 6640, 6928, 7344], 0.02243186313681289], "9": [[3626], [9, 137, 160, 749, 760, 895, 1363, 1407, 1595, 1635, 1735, 1780, 2178, 2213, 2340, 2600, 2889, 2988, 2991, 3097, 3117, 3626, 3988, 4249, 4288, 4296, 4587, 5077, 5484, 5741, 5762, 6113, 6601, 6608, 6829, 7094, 7112, 7465, 7691], 0.028993984536230588], "13": [[1799], [14, 163, 589, 868, 970, 1110, 1172, 1326, 1788, 1799, 1897, 2209, 2239, 2394, 2663, 4026, 4137, 4663, 4827, 4940, 5860, 5931, 5959, 6432, 6617, 6826, 7855], 0.014468584309974553], "47": [[3123], [185, 1092, 2624, 2842, 2864, 2929, 3123, 3558, 4713, 6438, 7577], 0.002431403831565593], "51": [[4080], [210, 296, 872, 979, 1184, 1188, 1524, 1637, 1638, 2217, 2308, 2372, 2636, 2764, 3659, 4001, 4014, 4080, 4857, 5352, 5713, 5748, 6105, 6148, 6672, 6702, 6765, 6914, 7574, 7641, 7725, 7881], 0.02000579044865558], "54": [[229], [229, 250, 814, 909, 1078, 1133, 1160, 1958, 1994, 2039, 2098, 2129, 2393, 3088, 3208, 3268, 3964, 4643, 5150, 5366, 5427, 5625, 5747, 6375, 6430, 6431, 6675, 7091, 7161, 7455, 7606, 7629, 7651, 7768], 0.02243186313681289], "56": [[5530], [301, 419, 457, 1299, 1588, 1612, 1816, 1961, 2052, 2124, 2198, 2381, 2454, 2484, 3641, 3710, 5045, 5112, 5473, 5530, 5687, 5768, 5874, 6114, 6158, 6404, 6413, 6545, 6677, 6771, 6905, 7147, 7162, 7325, 7326, 7731], 0.024973255146739315], "57": [[7583], [351, 454, 787, 887, 1376, 2125, 2341, 2411, 2635, 2861, 3216, 3284, 3633, 3853, 3880, 3969, 4361, 4939, 5016, 5196, 5609, 5749, 5759, 6015, 6199, 6227, 6244, 6290, 7521, 7583], 0.01769858361889498], "59": [[2559], [365, 414, 643, 853, 980, 1481, 1573, 1582, 1618, 1851, 2173, 2398, 2405, 2559, 3014, 3378, 3580, 3748, 3959, 4276, 4300, 4769, 4849, 4927, 4938, 4999, 5371, 5467, 5824, 5952, 6117, 6272, 6386, 6509, 6649, 6799, 7005, 7058, 7229, 7281, 7737, 7796], 0.03325494712051036], "60": [[875], [437, 539, 874, 875, 1015, 1466, 1488, 1562, 1769, 1801, 1938, 2085, 2240, 2361, 2619, 2799, 3592, 3996, 4109, 4343, 4387, 4456, 4471, 5121, 5147, 5452, 5486, 5494, 5515, 5579, 5617, 5742, 5796, 5864, 5944, 6281, 6294, 6495, 6530, 6621, 6654, 6676, 6679, 6741, 7088, 7180, 7477, 7739, 7879], 0.04406978968805819], "62": [[5033], [594, 649, 772, 799, 897, 945, 1006, 1527, 1575, 1671, 1889, 1914, 2653, 2753, 2809, 2896, 2975, 3349, 3632, 3849, 3871, 4086, 4385, 4481, 4883, 5033, 5085, 5102, 5116, 5571, 5845, 6077, 6147, 6168, 6204, 6246, 6270, 6361, 6657, 6876, 7533, 7556, 7568, 7637], 0.03622356304231622], "63": [[5475], [610, 1467, 1750, 2150, 2245, 2976, 3339, 4130, 4389, 5475, 5583, 5879, 6075, 6344, 7543], 0.004561086660926472]}, "sa_U": {"0": [[0, 101, 229, 3626, 4080, 5012, 3701, 7583], [0, 52, 61, 101, 102, 104, 109, 115, 121, 137, 160, 164, 190, 194, 199, 210, 229, 241, 250, 269, 296, 298, 340, 351, 357, 366, 428, 435, 439, 442, 450, 454, 455, 519, 521, 538, 544, 561, 621, 663, 666, 709, 719, 729, 744, 749, 760, 769, 771, 778, 784, 787, 842, 857, 866, 872, 887, 895, 900, 909, 926, 951, 979, 1005, 1019, 1062, 1078, 1139, 1160, 1174, 1184, 1188, 1206, 1248, 1257, 1263, 1284, 1294, 1295, 1303, 1350, 1355, 1356, 1365, 1368, 1376, 1378, 1440, 1449, 1484, 1516, 1524, 1534, 1547, 1576, 1578, 1594, 1595, 1620, 1623, 1635, 1637, 1638, 1661, 1691, 1706, 1720, 1753, 1761, 1770, 1780, 1793, 1806, 1849, 1852, 1868, 1878, 1881, 1884, 1895, 1899, 1903, 1916, 1935, 1951, 1958, 1959, 1972, 1973, 1994, 2000, 2001, 2028, 2049, 2054, 2061, 2064, 2073, 2093, 2098, 2113, 2123, 2125, 2129, 2169, 2178, 2185, 2188, 2190, 2213, 2215, 2217, 2235, 2237, 2244, 2249, 2255, 2298, 2307, 2308, 2325, 2340, 2341, 2349, 2363, 2372, 2373, 2391, 2400, 2411, 2412, 2423, 2435, 2438, 2445, 2448, 2512, 2513, 2538, 2563, 2567, 2574, 2600, 2616, 2635, 2636, 2650, 2651, 2652, 2654, 2655, 2714, 2723, 2732, 2764, 2793, 2805, 2825, 2829, 2840, 2850, 2856, 2861, 2879, 2954, 2955, 2965, 2988, 3006, 3007, 3077, 3078, 3080, 3088, 3095, 3117, 3145, 3149, 3155, 3186, 3196, 3199, 3208, 3210, 3216, 3220, 3239, 3251, 3268, 3284, 3286, 3299, 3301, 3304, 3305, 3316, 3326, 3340, 3341, 3350, 3352, 3374, 3379, 3415, 3437, 3460, 3546, 3551, 3559, 3565, 3573, 3587, 3611, 3624, 3626, 3633, 3650, 3659, 3672, 3675, 3697, 3701, 3739, 3746, 3757, 3763, 3766, 3774, 3787, 3790, 3836, 3841, 3847, 3853, 3880, 3937, 3951, 3958, 3964, 3969, 3972, 4001, 4014, 4035, 4072, 4080, 4118, 4165, 4241, 4249, 4261, 4268, 4288, 4296, 4352, 4354, 4361, 4365, 4375, 4383, 4392, 4452, 4475, 4490, 4501, 4509, 4518, 4542, 4587, 4619, 4622, 4623, 4635, 4636, 4681, 4695, 4707, 4737, 4753, 4759, 4760, 4772, 4779, 4791, 4830, 4831, 4857, 4862, 4863, 4871, 4885, 4916, 4924, 4929, 4930, 4939, 4967, 4990, 4993, 5006, 5012, 5016, 5024, 5029, 5087, 5099, 5106, 5107, 5142, 5150, 5154, 5168, 5176, 5196, 5205, 5235, 5262, 5264, 5268, 5272, 5290, 5328, 5347, 5352, 5365, 5384, 5387, 5395, 5400, 5418, 5425, 5428, 5474, 5484, 5502, 5512, 5543, 5577, 5598, 5609, 5625, 5653, 5654, 5656, 5665, 5667, 5689, 5691, 5712, 5713, 5731, 5739, 5747, 5748, 5749, 5751, 5759, 5810, 5813, 5831, 5841, 5846, 5847, 5861, 5878, 5883, 5905, 5906, 5966, 6012, 6013, 6015, 6064, 6090, 6096, 6104, 6105, 6113, 6148, 6196, 6199, 6202, 6227, 6231, 6244, 6266, 6271, 6290, 6297, 6308, 6326, 6327, 6372, 6406, 6418, 6424, 6427, 6431, 6454, 6459, 6469, 6470, 6481, 6582, 6597, 6601, 6623, 6656, 6675, 6681, 6702, 6719, 6724, 6749, 6760, 6765, 6770, 6772, 6829, 6836, 6839, 6840, 6849, 6871, 6872, 6908, 6913, 6914, 6917, 6929, 6939, 6940, 6955, 6976, 6980, 6993, 6999, 7000, 7044, 7046, 7060, 7064, 7085, 7091, 7101, 7107, 7115, 7122, 7145, 7161, 7163, 7166, 7186, 7187, 7213, 7315, 7350, 7379, 7412, 7416, 7436, 7452, 7455, 7456, 7463, 7468, 7491, 7494, 7505, 7508, 7520, 7521, 7530, 7536, 7559, 7574, 7583, 7605, 7611, 7625, 7629, 7641, 7651, 7654, 7677, 7679, 7718, 7725, 7730, 7770, 7778, 7807, 7851, 7881], 0.009591349048042042],